{
  "channels": [
    "L_Toe",
    "L_Forefoot",
    "L_Heel",
    "L_Knee",
    "R_Toe",
    "R_Forefoot",
    "R_Heel",
    "R_Knee"
  ],
  "min_raw": [
    1146.8,
    2094.22,
    389.18,
    2391.86,
    4094.0,
    2047.48,
    2144.74,
    918.08
  ],
  "max_raw": [
    4095.0,
    4095.0,
    4095.0,
    4095.0,
    4095.0,
    4095.0,
    4095.0,
    4095.0
  ],
  "source": "ui_online_two_step",
  "subject": "default",
  "created_at": 1776418471.004346,
  "notes": "step1 N=75 frames, step2 N=55 frames",
  "baseline_raw": [
    4095.0,
    4095.0,
    4095.0,
    4095.0,
    4095.0,
    4095.0,
    4095.0,
    4095.0
  ],
  "press_min": [
    2820.58,
    1584.58,
    3639.29,
    0.0,
    0.0,
    1701.16,
    359.74,
    0.0
  ],
  "press_max": [
    2944.42,
    1997.6799999999998,
    3716.55,
    1686.5299999999997,
    4095.0,
    2044.1,
    1948.26,
    3175.71
  ],
  "press_mean": [
    2876.7384615384617,
    1804.0846153846153,
    3671.9615384615386,
    652.4538461538461,
    0.0,
    1897.9384615384615,
    1289.0384615384614,
    1327.7076923076922
  ],
  "press_std": [
    33.80522350310193,
    121.45338039539064,
    19.41506308401321,
    761.7108386494023,
    1.0,
    106.10102253158786,
    696.841427760855,
    1550.494603201254
  ]
}