{
  "channels": [
    "L_Toe",
    "L_Forefoot",
    "L_Heel",
    "L_Knee",
    "R_Toe",
    "R_Forefoot",
    "R_Heel",
    "R_Knee"
  ],
  "min_raw": [
    0.0,
    1792.0,
    1088.43,
    31.0,
    2390.43,
    2132.0,
    2145.43,
    179.0
  ],
  "max_raw": [
    4095.0,
    4095.0,
    4095.0,
    4095.0,
    4095.0,
    4095.0,
    4095.0,
    4095.0
  ],
  "source": "offline_auto_csv",
  "subject": "offline_auto_population",
  "created_at": 1776404031.377253,
  "notes": "auto-fit from saving_data during training",
  "baseline_raw": [
    4095.0,
    4095.0,
    4095.0,
    4095.0,
    4095.0,
    4095.0,
    4095.0,
    4095.0
  ],
  "press_min": [
    0.0,
    0.0,
    0.0,
    0.0,
    0.0,
    0.0,
    0.0,
    0.0
  ],
  "press_max": [
    4095.0,
    2258.0,
    3012.0,
    4047.0,
    1848.9300000000003,
    1976.0,
    1942.0,
    3894.0
  ],
  "press_mean": [
    2128.008420326965,
    824.2476363994485,
    1683.4378077604886,
    961.1339866062635,
    892.9654323419342,
    935.0546582627536,
    663.0748473507978,
    442.7142997833366
  ],
  "press_std": [
    1499.569921266414,
    716.9240663978014,
    1161.0863793811916,
    1565.8404106640048,
    634.9359219339949,
    676.5317068335016,
    664.6390055459211,
    940.6608379814841
  ]
}