{
  "channels": [
    "L_Forefoot",
    "L_Heel",
    "L_Knee",
    "R_Forefoot",
    "R_Heel",
    "R_Knee"
  ],
  "min_raw": [
    1260.24,
    1064.0,
    192.85,
    1311.0,
    961.86,
    649.0
  ],
  "max_raw": [
    4095.0,
    4095.0,
    4095.0,
    4095.0,
    4095.0,
    4095.0
  ],
  "source": "offline_auto_csv",
  "subject": "offline_auto_population",
  "created_at": 1777051207.159791,
  "notes": "auto-fit from C:\\Users\\Collin EP\\Desktop\\foot(2)\\foot\\saving_data during training",
  "baseline_raw": [
    4095.0,
    4095.0,
    4095.0,
    4095.0,
    4095.0,
    4095.0
  ],
  "press_min": [
    0.0,
    0.0,
    0.0,
    0.0,
    0.0,
    0.0
  ],
  "press_max": [
    2837.0200000000004,
    3034.4000000000015,
    3888.0200000000004,
    2782.0,
    3107.0,
    3438.0
  ],
  "press_mean": [
    1649.691933522497,
    1669.6720713417105,
    694.9541953790028,
    1926.6931495743818,
    2288.537494933117,
    465.1260640453993
  ],
  "press_std": [
    1031.0738499728736,
    1345.1305275245668,
    1077.1014948689512,
    1003.7594756752225,
    966.0289777884111,
    861.3876912745923
  ]
}